_id,Name,Rating,Comment,Date
ObjectId("5b317b0ec226fe709d9ecd17"),Lee,1,Uuuh,2018-06-25 19:30:22
ObjectId("5b317b1dc226fe709d9ecd18"),Rob,2,Boooring,2018-06-25 19:30:37
ObjectId("5b317b59c226fe709d9ecd19"),Seline,3,So difficult to answer..,2018-06-25 19:31:37
ObjectId("5b317b63c226fe709d9ecd1a"),Kate,4,Not bad,2018-06-25 19:31:47
ObjectId("5b317b71c226fe709d9ecd1b"),Lena,5,I like it!,2018-06-25 19:32:01
ObjectId("5b318dadc226fe709d9ecd1c"),Ellie,4,Quite interesting,2018-06-25 20:49:49
ObjectId("5b318dcac226fe709d9ecd1d"),Alex,3,I'm not confident at all,2018-06-25 20:50:18
ObjectId("5b318ddfc226fe709d9ecd1e"),Bobby,4,Great work,2018-06-25 20:50:39
ObjectId("5b318df3c226fe709d9ecd1f"),Itan,5,Cheers,2018-06-25 20:50:59
ObjectId("5b318e0fc226fe709d9ecd20"),george,5,Excellent,2018-06-25 20:51:27
ObjectId("5b318e30c226fe709d9ecd21"),tommy,4,So goood,2018-06-25 20:52:00
ObjectId("5b318e3dc226fe709d9ecd22"),Eric,5,Love,2018-06-25 20:52:13
ObjectId("5b318e50c226fe709d9ecd23"),timmy,5,beautiful,2018-06-25 20:52:32
ObjectId("5b318e60c226fe709d9ecd24"),paul,3,just don't know,2018-06-25 20:52:48
ObjectId("5b318e86c226fe709d9ecd25"),sindy,5,lalalalala,2018-06-25 20:53:26
ObjectId("5b318e90c226fe709d9ecd26"),lily,5,nice,2018-06-25 20:53:36
ObjectId("5b318e9dc226fe709d9ecd27"),claire,5,cool,2018-06-25 20:53:49
ObjectId("5b318eafc226fe709d9ecd28"),rick,5,jazz,2018-06-25 20:54:07
ObjectId("5b318ebcc226fe709d9ecd29"),tom,5,well done,2018-06-25 20:54:20
ObjectId("5b3237604231c7731ef65e7d"),Alan,4,interesting,2018-06-26 08:53:52
ObjectId("5b3237ab4231c7733715bc3a"),Fil,5,amazing,2018-06-26 08:55:07
ObjectId("5b3238104231c7734f8ae3d2"),Arch,5,amazing,2018-06-26 08:56:48
ObjectId("5b3238ab4231c773627d8e04"),An,3,I'm not sure,2018-06-26 08:59:23
ObjectId("5b3238dd4231c773627d8e05"),Olga,5,so goood,2018-06-26 09:00:13
ObjectId("5b3238ef4231c773627d8e06"),Ivan,4,not bad at all,2018-06-26 09:00:31
ObjectId("5b3239004231c773627d8e07"),Tolya,5,Great!,2018-06-26 09:00:48
ObjectId("5b32390e4231c773627d8e08"),Nikolay,5,terrrific,2018-06-26 09:01:02
ObjectId("5b3239244231c773627d8e09"),Robin,5,You look good!,2018-06-26 09:01:24
ObjectId("5b32393b4231c773627d8e0a"),Shivandra,3,balksdjrfnvlsgf,2018-06-26 09:01:47
ObjectId("5b32394b4231c773627d8e0b"),Pee,2,whats that?,2018-06-26 09:02:03
ObjectId("5b3239604231c773627d8e0c"),Nabul,4,we need to make a revolution,2018-06-26 09:02:24
ObjectId("5b32396f4231c773627d8e0d"),Craig,5,work work work,2018-06-26 09:02:39
ObjectId("5b3239854231c773627d8e0e"),zack,2,not enough struggling,2018-06-26 09:03:01
ObjectId("5b3239a34231c773627d8e0f"),william,5,I liike it aal,2018-06-26 09:03:31
ObjectId("5b323a1e4231c773627d8e10"),david,4,nice job,2018-06-26 09:05:34
ObjectId("5b323a2c4231c773627d8e11"),Mo,5,benefits benefits,2018-06-26 09:05:48
ObjectId("5b323a474231c773627d8e12"),will,5,my kittie,2018-06-26 09:06:15
ObjectId("5b323a8a4231c773627d8e13"),Heather,4,nice,2018-06-26 09:07:22
ObjectId("5b323a974231c773627d8e14"),Emely,5,easy!,2018-06-26 09:07:35
ObjectId("5b323aa44231c773627d8e15"),Mary,5,thank you,2018-06-26 09:07:48
ObjectId("5b323ab64231c773627d8e16"),Mike,5,love it,2018-06-26 09:08:06
ObjectId("5b323af94231c773627d8e17"),Vu,4,fine,2018-06-26 09:09:13
ObjectId("5b326c5f4231c77d3299ac96"),Test,1,test,2018-06-24
ObjectId("5b326cab4231c77d3299ac97"),test1,2,hmm,2018-06-24
ObjectId("5b326cb74231c77d3299ac98"),la,2,qqqq,2018-06-24
ObjectId("5b326cc24231c77d3299ac99"),ke,1,popa,2018-06-24
ObjectId("5b326cd84231c77d5091c386"),ju,5,123,2018-06-23
ObjectId("5b326ce04231c77d5091c387"),de,5,trrr,2018-06-23
ObjectId("5b326cec4231c77d5091c388"),tuy,5,asss,2018-06-23
ObjectId("5b326d184231c77d69df94ce"),ca,3,bbb,2018-06-22
ObjectId("5b326d204231c77d69df94cf"),nzz,3,,2018-06-22
ObjectId("5b326d2b4231c77d69df94d0"),mo,2,pa,2018-06-22
ObjectId("5b32b64c4231c785dd47831b"),bill,5,like,2018-06-21
ObjectId("5b32b6724231c785dd47831c"),Mu,5,lalala,2018-06-21
ObjectId("5b32bde24231c7871da05754"),Joe,4,yes,2018-06-21
ObjectId("5b32be134231c7871da05755"),boo,5,sdf,2018-06-21
ObjectId("5b32c6c24231c7896002eacd"),steve,4,good,2018-06-21
ObjectId("5b32c6d04231c78977139be0"),steve,4,good,2018-06-21
ObjectId("5b32c6dd4231c78988323bb4"),steve,4,good,2018-06-21
ObjectId("5b32c6fe4231c7899e3ef323"),kale,3,ko,2018-06-20
ObjectId("5b32c7e94231c789db7c92dc"),pu,2,ytur,2018-06-20
ObjectId("5b32cb084231c78a1d480b31"),pu,2,ytur,2018-06-20
ObjectId("5b32cb204231c78a1d480b32"),ni,2,fi,2018-06-20
ObjectId("5b32ccb24231c78a1d480b33"),lo,3,be,2018-06-20
ObjectId("5b32ceb24231c78a1d480b34"),li,4,we,2018-06-20
ObjectId("5b32d17e4231c78a8c0960d7"),go,3,rew,2018-06-20
ObjectId("5b32d3624231c78af36ba996"),ad,4,bt,2018-06-19
ObjectId("5b32d4ca4231c78af36ba997"),hgf,5,loer,2018-06-19
ObjectId("5b32d5124231c78b7b69cb3c"),pa,5,re,2018-06-18
ObjectId("5b32d5504231c78b9834db8d"),kiu,5,ver,2018-06-17
ObjectId("5b32dd124231c78c9fbfd8a0"),lusya,5,lkfqwkkr,2018-06-26 20:40:50
ObjectId("5b33cc5b4231c79a76dbc1f2"),Paul,5,nise work,2018-06-27 13:41:47
ObjectId("5b33cc9e4231c79a76dbc1f4"),Allan,4,Good,2018-06-27 13:42:54
ObjectId("5b33ccb74231c79a76dbc1f5"),Sonik,5,terrific,2018-06-27 13:43:19
ObjectId("5b33d81d4231c79aa94e0344"),Lilya,5,gorgeous,2018-06-27 14:31:57
ObjectId("5b33dcf74231c79aa94e0345"),Adrienne,5,great!,2018-06-27 14:52:39
ObjectId("5b342379c226fea0e1c5eddf"),Sonya,3,aaaa,2018-06-27 19:53:29
